-- --------------------------------------------------------
-- Host:                         127.0.0.1
-- Server version:               8.0.30 - MySQL Community Server - GPL
-- Server OS:                    Win64
-- HeidiSQL Version:             12.1.0.6537
-- --------------------------------------------------------

/*!40101 SET @OLD_CHARACTER_SET_CLIENT=@@CHARACTER_SET_CLIENT */;
/*!40101 SET NAMES utf8 */;
/*!50503 SET NAMES utf8mb4 */;
/*!40103 SET @OLD_TIME_ZONE=@@TIME_ZONE */;
/*!40103 SET TIME_ZONE='+00:00' */;
/*!40014 SET @OLD_FOREIGN_KEY_CHECKS=@@FOREIGN_KEY_CHECKS, FOREIGN_KEY_CHECKS=0 */;
/*!40101 SET @OLD_SQL_MODE=@@SQL_MODE, SQL_MODE='NO_AUTO_VALUE_ON_ZERO' */;
/*!40111 SET @OLD_SQL_NOTES=@@SQL_NOTES, SQL_NOTES=0 */;

-- Dumping structure for table pbl4.categories
CREATE TABLE IF NOT EXISTS `categories` (
  `id` bigint unsigned NOT NULL AUTO_INCREMENT,
  `name` varchar(255) CHARACTER SET utf8mb4 COLLATE utf8mb4_unicode_ci NOT NULL,
  `created_at` timestamp NULL DEFAULT NULL,
  `updated_at` timestamp NULL DEFAULT NULL,
  PRIMARY KEY (`id`)
) ENGINE=InnoDB AUTO_INCREMENT=54 DEFAULT CHARSET=utf8mb4 COLLATE=utf8mb4_unicode_ci;

-- Dumping data for table pbl4.categories: ~42 rows (approximately)
INSERT INTO `categories` (`id`, `name`, `created_at`, `updated_at`) VALUES
	(3, 'Điện thoại', '2022-10-17 02:35:43', '2022-10-17 02:35:43'),
	(5, 'Quần2', '2022-10-17 02:36:06', '2022-10-22 08:00:21'),
	(6, 'BKAV', '2022-10-17 02:36:13', '2022-10-19 23:02:01'),
	(7, 'Đồng hồ', '2022-10-17 05:28:35', '2022-10-17 05:28:35'),
	(8, 'GiàyGiày', '2022-10-17 05:28:45', '2022-10-17 05:28:45'),
	(9, 'DépDép', '2022-10-17 05:28:54', '2022-10-17 05:28:54'),
	(10, 'Đồ dùng học tập', '2022-10-17 05:29:07', '2022-10-17 05:29:07'),
	(12, 'Phụ kiện', '2022-10-17 05:29:46', '2022-10-17 05:29:46'),
	(13, 'Sách', '2022-10-17 05:29:58', '2022-10-17 05:29:58'),
	(14, 'Máy ảnh', '2022-10-17 05:30:06', '2022-10-17 05:30:06'),
	(15, 'Áo quần', '2022-10-17 05:32:12', '2022-10-17 05:32:12'),
	(16, 'Xe máy', NULL, NULL),
	(17, 'Ô tô', NULL, NULL),
	(19, 'Bàn là', NULL, NULL),
	(20, 'Tủ lạnh', NULL, NULL),
	(21, 'Điều hòa', NULL, NULL),
	(22, 'Quạt', NULL, NULL),
	(25, 'Chén', NULL, NULL),
	(26, 'Đũa', NULL, NULL),
	(27, 'Xoong', NULL, NULL),
	(28, 'Bếp ga', NULL, NULL),
	(29, 'áo mưa', NULL, NULL),
	(30, 'bàn ghế tủ', NULL, NULL),
	(31, 'tủ', NULL, NULL),
	(32, 'dép', NULL, NULL),
	(33, 'giày', NULL, NULL),
	(34, 'Laptop', '2022-10-19 00:57:01', '2022-10-24 20:14:29'),
	(35, 'PC', '2022-10-19 00:58:12', '2022-10-24 20:14:40'),
	(36, 'Máy tính bảng', '2022-10-19 00:59:47', '2022-10-19 00:59:47'),
	(37, 'Máy tính để bàn', '2022-10-19 00:59:59', '2022-10-19 00:59:59'),
	(38, 'Âm thanh', '2022-10-19 01:00:13', '2022-10-19 01:00:13'),
	(39, 'Camera Giám sát', '2022-10-19 01:00:23', '2022-10-19 01:00:23'),
	(40, 'Máy in', '2022-10-19 01:01:02', '2022-10-19 01:01:02'),
	(45, 'Apple Watch', '2022-10-24 21:16:26', '2022-10-24 21:16:26'),
	(46, 'Loa', '2022-10-24 22:40:52', '2022-10-24 22:40:52'),
	(47, 'Tai nghe', '2022-10-24 22:45:44', '2022-10-24 22:45:44'),
	(48, 'Bàn phím', '2022-10-25 00:22:20', '2022-10-25 00:22:20'),
	(49, 'Ốp', '2022-10-25 00:57:36', '2022-10-25 00:57:36'),
	(50, 'Bộ nhớ lưu trữ', '2022-10-25 01:03:59', '2022-10-25 01:03:59'),
	(51, 'Sạc dự phòng', '2022-10-25 01:07:32', '2022-10-25 01:07:32'),
	(52, 'Xe Ô tô', '2022-10-28 06:24:41', '2022-10-28 06:24:41'),
	(53, 'Đèn ngủ', '2022-11-02 09:48:03', '2022-11-02 09:48:03');

-- Dumping structure for table pbl4.customers
CREATE TABLE IF NOT EXISTS `customers` (
  `id` bigint unsigned NOT NULL AUTO_INCREMENT,
  `fullname` varchar(255) CHARACTER SET utf8mb4 COLLATE utf8mb4_unicode_ci NOT NULL,
  `email` varchar(255) CHARACTER SET utf8mb4 COLLATE utf8mb4_unicode_ci NOT NULL,
  `username` varchar(255) CHARACTER SET utf8mb4 COLLATE utf8mb4_unicode_ci DEFAULT NULL,
  `email_verified_at` timestamp NULL DEFAULT NULL,
  `password` varchar(255) CHARACTER SET utf8mb4 COLLATE utf8mb4_unicode_ci DEFAULT NULL,
  `address` varchar(255) CHARACTER SET utf8mb4 COLLATE utf8mb4_unicode_ci DEFAULT NULL,
  `date_of_birth` date DEFAULT NULL,
  `gender` tinyint(1) DEFAULT NULL,
  `status` tinyint(1) DEFAULT NULL,
  `phone` varchar(255) CHARACTER SET utf8mb4 COLLATE utf8mb4_unicode_ci DEFAULT NULL,
  `url_img` varchar(255) CHARACTER SET utf8mb4 COLLATE utf8mb4_unicode_ci DEFAULT NULL,
  `google_id` varchar(255) CHARACTER SET utf8mb4 COLLATE utf8mb4_unicode_ci DEFAULT NULL,
  `remember_token` varchar(100) CHARACTER SET utf8mb4 COLLATE utf8mb4_unicode_ci DEFAULT NULL,
  `created_at` timestamp NULL DEFAULT NULL,
  `updated_at` timestamp NULL DEFAULT NULL,
  PRIMARY KEY (`id`),
  UNIQUE KEY `customers_email_unique` (`email`),
  UNIQUE KEY `customers_username_unique` (`username`)
) ENGINE=InnoDB AUTO_INCREMENT=32 DEFAULT CHARSET=utf8mb4 COLLATE=utf8mb4_unicode_ci;

-- Dumping data for table pbl4.customers: ~17 rows (approximately)
INSERT INTO `customers` (`id`, `fullname`, `email`, `username`, `email_verified_at`, `password`, `address`, `date_of_birth`, `gender`, `status`, `phone`, `url_img`, `google_id`, `remember_token`, `created_at`, `updated_at`) VALUES
	(1, 'Nguyễn Văn Mạnh', 'buongtaynhenhang99@gmail.com', 'vanmanh1pro', NULL, '$2y$10$CXbgSIfR6kzIuqiR21uS0.5z9XkQVviQ.ETqKKdUEHMBAe2AK394S', 'Hà Nội - Việt Nam', '2001-09-29', 1, 1, '0971404379', 'storage/avatarcustomer/ocvWeE7s0QUoyyZnf9pBSUYMIVrpanE8TESL5tRE.jpg', '110656888206613286806', NULL, '2022-09-27 23:37:59', '2022-11-06 00:58:56'),
	(2, 'Nguyễn Công CườngCường', 'congcuong999@gmail.com', 'congcuong999', NULL, '$2y$10$bd1l2ZAR9MiJD1XgFzq/5OqV4m2/IHHbQi0kkYNnVeoR1AFPVICbu', 'Hà Nội - Việt NamNam', '2001-09-29', 1, 1, '0971404372', NULL, NULL, NULL, '2022-09-28 03:39:51', '2022-10-03 05:31:13'),
	(4, 'Nguyễn Công CườngCường', 'congcuong999666@gmail.com', 'congcuong999666', NULL, '$2y$10$ZheqF7VaZ/2FRneHyKymmuijNZZf7CAbDtDf6QXPWB/O40Dp0f0bu', 'Hà Nội - Việt NamNam', '2001-09-29', 1, 0, '0971404372', NULL, NULL, NULL, '2022-09-28 09:47:49', '2022-11-07 02:55:07'),
	(9, 'Nguyen Van Manh Pro', 'thanhxuantuoitre.sky2@gmail.com', 'gg_106115875168590721730', NULL, NULL, 'Hue City Viet Nam Pro', '2022-11-29', 1, 0, '0971404372', 'storage/avatarcustomer/lbMWvCDr4y4lp9kUDjuivdbv4uQp6DKZqI7b60Z1.jpg', '106115875168590721730', NULL, '2022-09-29 07:44:12', '2022-11-06 04:11:57'),
	(10, 'Nguyen Van Hoang Phuc', 'hoangphuc999@gmail.com', 'hoangphuc', NULL, '$2y$10$iYYPaTlKBkEEHaoyxG.RiuskTHxVnmgBJnNWNsTRGJJWMD.YzLsPO', 'Hà Nội - Việt NamNam', '2001-09-29', 1, 1, '0971404372', NULL, NULL, NULL, '2022-10-03 04:17:51', '2022-10-03 04:17:51'),
	(11, 'Bùi Văn Nguyện', 'buivannguyen999@gmail.com', 'buivannguyen999', NULL, '$2y$10$05is4KoFU95PyArvvjgt9O.QCKiat0rc2PnymxghBsXxEvjT631r2', 'Hà Nội - Việt NamNam', '2001-09-29', 1, 1, '0971404372', NULL, NULL, NULL, '2022-10-03 04:18:54', '2022-10-03 04:18:54'),
	(12, 'Mai Thị Kim Khánh', 'kimkhanh999@gmail.com', 'kimkhanh999', NULL, '$2y$10$eGgeOKbxOiOOwsVyDiFkweCdozwEsN20IZuC87uJixdkD5NO1FWSe', 'Hồ Chí Minh - Việt Nam', '2002-09-28', 0, 1, '01284727372', NULL, NULL, NULL, '2022-10-03 04:20:00', '2022-10-15 02:01:24'),
	(13, 'Mai Thị Kim Khánh2', 'kimkhanh9992@gmail.com', 'kimkhanh9992', NULL, '$2y$10$lj2ZAj1ZuvsNlSxA2of.iea/L.EDtcwy7vwx5Vk9.oe2nFpSIcS6e', 'Hồ Chí Minh - Việt Nam', '2002-09-28', 0, 1, '01284727372', NULL, NULL, NULL, '2022-10-03 04:33:53', '2022-10-03 04:33:53'),
	(14, 'Nguyễn Thị Ngọc Mai', 'ngocmai123@gmail.com', 'ntngocmai123', NULL, '$2y$10$7rG2N8nmd.f2cJSdcWbuXuzSH76yaglq5lGVReqoQ1uORntHaSBzW', 'Hue Viet Nam', '2006-01-01', 0, 1, '0971404372', NULL, NULL, NULL, '2022-11-03 10:55:03', '2022-11-03 10:55:03'),
	(15, 'Mai Thị Kim Khánh3', 'kimkhanh99923@gmail.com', 'kimkhanh99923', NULL, '$2y$10$xbmi6I43e4SjuvrfAWou7.yJ9yL.aO6vkeGVpJScYe/baBtJssZhe', 'Hồ Chí Minh - Việt Nam', '2002-09-28', 0, 1, '01284727372', NULL, NULL, NULL, '2022-11-03 10:56:59', '2022-11-03 10:56:59'),
	(20, 'Nguyen Van Manh', 'buongtaynhenhang991@gmail.com', 'buongtaynhenhang991', NULL, '$2y$10$ZDCOXfXzHQ2r06pJd3MJLuO1aPp65tKKtbOySTEQ610MKTjJ.OIUW', 'Hue Viet Nam', '2022-11-09', 1, 1, '0971404372', NULL, NULL, NULL, '2022-11-03 11:13:54', '2022-11-03 11:13:54'),
	(21, 'Nguyen Van Manh', 'itmaster2908@gmail.com', 'itmaster2908', NULL, '$2y$10$K3C06RVdkA6E00nRGPx/iuY3UycxK352PEJhqJuFKZI/7nz9smSj2', 'Hue Viet Nam', '2022-11-25', 1, 1, '0971404372', 'storage/avatarcustomer/BFxpirHwG7n8BA2w9sSdZ4wLsSMP0szBo2s0dUQm.jpg', '104024253680798269103', NULL, '2022-11-03 23:57:39', '2022-11-06 04:32:58'),
	(22, 'Mai Thị Kim Khánh Dethuong', 'kimkhanh99923dt@gmail.com', 'kimkhanh99923khanh99923dethuong', NULL, '$2y$10$l1QXgg5J6Ol3LxFmEQMaLeXYdaoPp3NlcNR6e.v.LOnfKD2nUoNKK', 'TP Hồ Chí Minh - Việt Nam', '2002-09-28', 0, 1, '01284727379', NULL, NULL, NULL, '2022-11-05 08:09:40', '2022-11-05 08:09:40'),
	(25, 'Mai Thị Kim Khánh', 'kimkhanhdth@gmail.com', 'kimkhanhdth', NULL, '$2y$10$rLrZo7PxrsLIbrT7Ov2jDeNCBy1Zl4VD/rQ6M1xxXPqgqrvCzTCYK', 'TP Ho Chi Minh - Viet Nam', '2001-09-28', 0, 1, '01236000123', 'storage/avatarcustomer/5Ua0h8PlorRwYtJmznRTJD80IzUt2Iau42iNCKDs.jpg', NULL, NULL, '2022-11-06 07:07:38', '2022-12-11 01:07:04'),
	(26, 'Mạnh Nguyễn Văn', 'khoahocfullstack5@gmail.com', 'gg_110612781880691501207', NULL, '$2y$10$lLgc0uV8pN4co957nG/KZeD5o01tT3ggLnLMvvxi9BfwwtGL5ZC8S', NULL, NULL, NULL, 1, NULL, NULL, '110612781880691501207', NULL, '2022-11-06 11:29:56', '2022-11-06 12:17:09'),
	(30, 'Mạnh Nguyễn Văn', 'khoahoc2fullstack5@gmail.com', 'gg_113818064700641091374', NULL, '$2y$10$oHlOD4ob.9NO4PbGkrdCSOJbZN98urOvgvQ2Bx6MWT7y60ufuUGtG', NULL, NULL, NULL, 1, NULL, NULL, '113818064700641091374', NULL, '2022-11-06 12:50:22', '2022-11-07 02:51:41'),
	(31, 'Mạnh Nguyễn Văn', 'nguyenvanmanh2001it1@gmail.com', 'gg_109722727162244891904', NULL, NULL, 'Thừa Thiên Huế - Việt Nam', '2001-08-29', 1, 1, '01236000333', 'storage/avatarcustomer/sKVlkGLjLGRXbXuTMjusOUQvaz8iZjrwIO9XmzZQ.jpg', '109722727162244891904', NULL, '2022-12-11 01:12:21', '2022-12-23 11:46:43');

-- Dumping structure for table pbl4.customer_orders
CREATE TABLE IF NOT EXISTS `customer_orders` (
  `id` bigint unsigned NOT NULL AUTO_INCREMENT,
  `customer_id` bigint unsigned NOT NULL,
  `hex_id` varchar(255) CHARACTER SET utf8mb4 COLLATE utf8mb4_unicode_ci NOT NULL,
  `customer_name` varchar(255) CHARACTER SET utf8mb4 COLLATE utf8mb4_unicode_ci NOT NULL,
  `recipient_name` varchar(255) CHARACTER SET utf8mb4 COLLATE utf8mb4_unicode_ci DEFAULT NULL,
  `phone_number` varchar(255) CHARACTER SET utf8mb4 COLLATE utf8mb4_unicode_ci DEFAULT NULL,
  `address` varchar(255) CHARACTER SET utf8mb4 COLLATE utf8mb4_unicode_ci DEFAULT NULL,
  `order_status` tinyint(1) NOT NULL,
  `order_time` datetime DEFAULT NULL,
  `confirm_time` datetime DEFAULT NULL,
  `ship_time` datetime DEFAULT NULL,
  `completed_time` datetime DEFAULT NULL,
  `shipping_fee` float NOT NULL,
  `created_at` timestamp NULL DEFAULT NULL,
  `updated_at` timestamp NULL DEFAULT NULL,
  PRIMARY KEY (`id`),
  UNIQUE KEY `customer_orders_hex_id_unique` (`hex_id`),
  KEY `customer_id` (`customer_id`),
  CONSTRAINT `customer_orders_ibfk_1` FOREIGN KEY (`customer_id`) REFERENCES `customers` (`id`)
) ENGINE=InnoDB AUTO_INCREMENT=22 DEFAULT CHARSET=utf8mb4 COLLATE=utf8mb4_unicode_ci;

-- Dumping data for table pbl4.customer_orders: ~18 rows (approximately)
INSERT INTO `customer_orders` (`id`, `customer_id`, `hex_id`, `customer_name`, `recipient_name`, `phone_number`, `address`, `order_status`, `order_time`, `confirm_time`, `ship_time`, `completed_time`, `shipping_fee`, `created_at`, `updated_at`) VALUES
	(2, 25, 'deebd7e40b73bcdcda47', 'Mai Thị Kim Khánh', 'Nguyễn Văn Hoàng Phúc', '0702518919', 'Thành Phố Thái Bình Việt Nam', 0, '2022-12-15 01:51:25', NULL, NULL, NULL, 46500000, '2022-12-14 11:51:25', '2022-12-20 10:55:18'),
	(3, 25, '60efe8468cec7a3a3337', 'Mai Thị Kim Khánh', 'Nguyễn Văn Hoàng Phúc', '0702518919', 'Thành Phố Thái Bình Việt Nam', 1, '2022-12-15 02:04:11', '2022-12-21 15:48:35', '2022-12-21 15:48:47', '2022-12-21 15:49:01', 13099800, '2022-12-14 12:04:11', '2022-12-21 01:49:01'),
	(4, 31, 'add5f150889c7ddbe8a7', 'Mạnh Nguyễn Văn', 'Văn Mạnh', '01236000333', 'Thành phố Huế - Việt Nam', 0, '2022-12-15 02:30:16', NULL, NULL, NULL, 20000000, '2022-12-14 12:30:16', '2022-12-20 13:24:12'),
	(5, 25, '34dd32e5cc8368b52390', 'Mai Thị Kim Khánh', 'Nguyễn Văn Hoàng Phúc', '0702518919', 'Thành Phố Thái Bình Việt Nam', 1, '2022-12-15 02:31:38', NULL, NULL, NULL, 3000, '2022-12-14 12:31:38', '2022-12-14 12:31:38'),
	(6, 31, 'dc4adf986215be086612', 'Mạnh Nguyễn Văn', 'Văn Mạnh', '01236000333', 'Thành phố Huế - Việt Nam', 1, '2022-12-15 02:33:52', '2022-12-21 03:45:33', '2022-12-21 15:25:52', '2022-12-21 15:42:39', 60000, '2022-12-14 12:33:52', '2022-12-21 01:42:39'),
	(7, 25, 'aff1f7d1668c77a1eb18', 'Mai Thị Kim Khánh', 'Nguyễn Văn Hoàng Phúc', '0702518919', 'Thành Phố Thái Bình Việt Nam', 1, '2022-12-20 16:10:01', NULL, NULL, NULL, 79000, '2022-12-20 02:10:01', '2022-12-20 02:10:01'),
	(8, 25, '4c1f2758eac22c29942a', 'Mai Thị Kim Khánh', 'Nguyễn Văn Hoàng Phúc', '0702518919', 'Thành Phố Thái Bình Việt Nam', 1, '2022-12-20 16:11:40', NULL, NULL, NULL, 18000, '2022-12-20 02:11:40', '2022-12-20 02:11:40'),
	(9, 25, '14ecf6d807e4bffd75b9', 'Mai Thị Kim Khánh', 'Nguyễn Văn Hoàng Phúc', '0702518919', 'Thành Phố Thái Bình Việt Nam', 1, '2022-12-20 16:13:32', NULL, NULL, NULL, 5000, '2022-12-20 02:13:32', '2022-12-20 02:13:32'),
	(10, 25, 'f84f86a1de07730e247e', 'Mai Thị Kim Khánh', 'Nguyễn Văn Hoàng Phúc', '0702518919', 'Thành Phố Thái Bình Việt Nam', 1, '2022-12-20 16:38:59', '2022-12-21 15:09:34', '2022-12-21 15:26:28', NULL, 43000, '2022-12-20 02:38:59', '2022-12-21 01:26:28'),
	(11, 25, '0de45dba5578ed32c8fb', 'Mai Thị Kim Khánh', 'Nguyễn Văn Hoàng Phúc', '0702518919', 'Thành Phố Thái Bình Việt Nam', 1, '2022-12-20 16:39:34', '2022-12-21 03:46:51', NULL, NULL, 5000, '2022-12-20 02:39:34', '2022-12-20 13:46:51'),
	(12, 25, 'ff28d0d124c7695242e9', 'Mai Thị Kim Khánh', 'Nguyễn Văn Mạnh', '0702518919', 'Thừa Thiên Huế - Việt Nam', 0, '2022-12-20 21:32:42', NULL, NULL, NULL, 1000, '2022-12-20 07:32:42', '2022-12-20 11:02:14'),
	(13, 31, '9cac8741cc98963740d0', 'Mạnh Nguyễn Văn', 'Văn Mạnh', '01236000333', 'Thành phố Huế - Việt Nam', 0, '2022-12-21 01:26:03', NULL, NULL, NULL, 27500000, '2022-12-20 11:26:03', '2022-12-20 11:27:23'),
	(14, 31, 'e8af377c58e55c376920', 'Mạnh Nguyễn Văn', 'Văn Mạnh', '01236000333', 'Thành phố Huế - Việt Nam', 0, '2022-12-21 01:29:08', NULL, NULL, NULL, 33000000, '2022-12-20 11:29:08', '2022-12-20 11:30:35'),
	(15, 31, 'e00bb2a771bf48f65253', 'Mạnh Nguyễn Văn', 'Văn Mạnh', '01236000333', 'Thành phố Huế - Việt Nam', 0, '2022-12-21 01:33:09', NULL, NULL, NULL, 49500000, '2022-12-20 11:33:09', '2022-12-20 11:33:24'),
	(16, 31, 'd98c308c8e19e911fdda', 'Mạnh Nguyễn Văn', 'Văn Mạnh', '01236000333', 'Thành phố Huế - Việt Nam', 1, '2022-12-21 02:57:30', '2022-12-21 19:12:03', '2022-12-21 19:12:13', '2022-12-21 19:12:23', 3000, '2022-12-20 12:57:30', '2022-12-21 05:12:23'),
	(17, 25, '7aa6a20b0cf1edb1756c', 'Mai Thị Kim Khánh', 'Nguyễn Văn Mạnh', '0702518919', 'Thừa Thiên Huế - Việt Nam', 1, '2022-12-21 18:50:26', NULL, NULL, NULL, 68030, '2022-12-21 04:50:26', '2022-12-21 04:50:26'),
	(18, 31, '311c117b47de92aace49', 'Mạnh Nguyễn Văn', 'Văn Mạnh', '01236000333', 'Thành phố Huế - Việt Nam', 1, '2022-12-21 18:53:13', '2022-12-21 18:54:15', '2022-12-21 18:54:41', '2022-12-21 18:55:06', 17050900, '2022-12-21 04:53:13', '2022-12-21 04:55:06'),
	(19, 31, '3de435ac548d4e303740', 'Mạnh Nguyễn Văn', 'Văn Mạnh', '01236000333', 'Thành phố Huế - Việt Nam', 1, '2022-12-24 13:04:34', NULL, NULL, NULL, 52030, '2022-12-23 23:04:34', '2022-12-23 23:04:34'),
	(20, 25, '8c67167250f011a47c9e', 'Mai Thị Kim Khánh', 'Nguyễn Văn Mạnh', '0702518919', 'Thừa Thiên Huế - Việt Nam', 1, '2024-04-22 21:38:38', NULL, NULL, NULL, 25999, '2024-04-22 07:38:38', '2024-04-22 07:38:38'),
	(21, 25, '6fb9e3a10d71f708ef2e', 'Mai Thị Kim Khánh', 'Nguyễn Văn Mạnh', '0702518919', 'Thừa Thiên Huế - Việt Nam', 1, '2024-04-22 21:39:08', NULL, NULL, NULL, 25999, '2024-04-22 07:39:08', '2024-04-22 07:39:08');

-- Dumping structure for table pbl4.failed_jobs
CREATE TABLE IF NOT EXISTS `failed_jobs` (
  `id` bigint unsigned NOT NULL AUTO_INCREMENT,
  `uuid` varchar(255) CHARACTER SET utf8mb4 COLLATE utf8mb4_unicode_ci NOT NULL,
  `connection` text CHARACTER SET utf8mb4 COLLATE utf8mb4_unicode_ci NOT NULL,
  `queue` text CHARACTER SET utf8mb4 COLLATE utf8mb4_unicode_ci NOT NULL,
  `payload` longtext CHARACTER SET utf8mb4 COLLATE utf8mb4_unicode_ci NOT NULL,
  `exception` longtext CHARACTER SET utf8mb4 COLLATE utf8mb4_unicode_ci NOT NULL,
  `failed_at` timestamp NOT NULL DEFAULT CURRENT_TIMESTAMP,
  PRIMARY KEY (`id`),
  UNIQUE KEY `failed_jobs_uuid_unique` (`uuid`)
) ENGINE=InnoDB DEFAULT CHARSET=utf8mb4 COLLATE=utf8mb4_unicode_ci;

-- Dumping data for table pbl4.failed_jobs: ~0 rows (approximately)

-- Dumping structure for table pbl4.images
CREATE TABLE IF NOT EXISTS `images` (
  `id` bigint unsigned NOT NULL AUTO_INCREMENT,
  `product_id` bigint unsigned DEFAULT NULL,
  `image_path` varchar(255) CHARACTER SET utf8mb4 COLLATE utf8mb4_unicode_ci NOT NULL,
  `created_at` timestamp NULL DEFAULT NULL,
  `updated_at` timestamp NULL DEFAULT NULL,
  PRIMARY KEY (`id`),
  KEY `product_id` (`product_id`),
  CONSTRAINT `images_ibfk_1` FOREIGN KEY (`product_id`) REFERENCES `products` (`id`)
) ENGINE=InnoDB AUTO_INCREMENT=103 DEFAULT CHARSET=utf8mb4 COLLATE=utf8mb4_unicode_ci;

-- Dumping data for table pbl4.images: ~72 rows (approximately)
INSERT INTO `images` (`id`, `product_id`, `image_path`, `created_at`, `updated_at`) VALUES
	(23, 1, 'storage/products/eq6sb4qIWKnf34JLGTTKpTz44BgMWplJ5hPBHVoh.jpg', NULL, NULL),
	(24, 1, 'storage/products/WfPNlJgvK9cKrT1PcWw4ys8jXHUS5AbnZkXYrKut.jpg', NULL, NULL),
	(25, 1, 'storage/products/Sibc7jqSztK4yXhjocd2DqLtrdXFzscPqq2v9CUX.jpg', NULL, NULL),
	(26, 1, 'storage/products/Uy8JjP5uAsnf0tDWEjMMKrlH1B1ru84uraOuScHm.jpg', NULL, NULL),
	(27, 1, 'storage/products/ZsoLLG16FGABYa2brAtIeuhlrRoOBjgnJyEE8Qil.jpg', NULL, NULL),
	(28, 1, 'storage/products/YC4TA3m11zK0Sl5hmUgRUMwNlgAmeLGic2hFQeDV.jpg', NULL, NULL),
	(29, 2, 'storage/products/ReH0xq94M3VMXE88aukrshuxHqKYTsbfjDvNrPYN.jpg', NULL, NULL),
	(30, 2, 'storage/products/rIrljL5OVxVoseN8BUpA55kgSqtexEsXRlvIt96c.jpg', NULL, NULL),
	(31, 2, 'storage/products/lMYq1Ru1qZQEoveeDEAepwS3Iyd3BTDXkQFhBwmz.jpg', NULL, NULL),
	(32, 2, 'storage/products/BM2tGnLF74h97zwv6iGCRpEJaBkZtIr8naMOQmJp.jpg', NULL, NULL),
	(33, 2, 'storage/products/Ks2WzbfldnyzFc2KBZ9o1YbC9VmbOsWxSO00gsOb.jpg', NULL, NULL),
	(35, 13, 'storage/products/LO8NiQFMvsK6EKY4SE6H0LUEINhkmqkZnP1vK1Je.png', NULL, NULL),
	(36, 13, 'storage/products/MGsfDYgRUgr4amLEhU06kTmFKuCsWbVhWRewX1ok.png', NULL, NULL),
	(38, 14, 'storage/products/qjd0MVDrRr0VfZ45GZgQGxkDlr2FtMTnG2BhTesU.png', NULL, NULL),
	(39, 14, 'storage/products/BjJiAJEaC90nnH48DOPXjW8w0mgNcZ6LJ8TysufD.png', NULL, NULL),
	(40, 14, 'storage/products/mf7I28mUszXoUduKQarjg7vx0tM1GX6gU9efUwC4.png', NULL, NULL),
	(47, 54, 'storage/products/5wjQKTWS3WuOot7tlzvciCVzoihf0Ctngqsy1gfX.jpg', NULL, NULL),
	(48, 54, 'storage/products/tU0mBtmJy2iNprEqvLhM7WyvZKnR1y0OeHIbGNiZ.jpg', NULL, NULL),
	(49, 54, 'storage/products/UGKnDE6tgvYjh6onE1FJXiaUp4BqCr0bn2tfZTNV.png', NULL, NULL),
	(50, 55, 'storage/products/KzoiP7jFyThJyjTOs482va1rusmHM6W3Swh17WIW.jpg', NULL, NULL),
	(51, 55, 'storage/products/QxyMPWghESMgsO6fvMNZRv3XFs0LpGBat2N7vAJz.jpg', NULL, NULL),
	(52, 55, 'storage/products/EERNI2BtFv238FORsz7WXpAfwQLLIKOCjRZnfNsQ.jpg', NULL, NULL),
	(53, 55, 'storage/products/PPJAcCytcVRqIZN5TRd6QuG9P7Rg8iUKNhX4XeOi.jpg', NULL, NULL),
	(54, 56, 'storage/products/QiOHKjAneTy3A2REf1y0BUkK3ERtopreBGKiqO2V.jpg', NULL, NULL),
	(55, 56, 'storage/products/sDFHr2qcO5TjS0CaZrkwQfECbMWSM0CndethYvME.jpg', NULL, NULL),
	(56, 56, 'storage/products/XVlp03P6QLYDVTZfmSGCTmuJtGhDRcZDHEPFLdcc.jpg', NULL, NULL),
	(57, 56, 'storage/products/0BKzFYTYdXvXZ14NSCXVHTYgU5lt2aTcbY7P3147.jpg', NULL, NULL),
	(58, 57, 'storage/products/x7IC4Nnc5NM2cqur84cRj27HSqQzeQvCPkYTwIyP.jpg', NULL, NULL),
	(59, 57, 'storage/products/5X3lDJOepkzPFWOek5TenhgGnpK67jim7KPcBR1k.jpg', NULL, NULL),
	(60, 57, 'storage/products/gTXLAuIV3zfE405NbJaEaibnvrSFDVNE1kloplmr.jpg', NULL, NULL),
	(61, 58, 'storage/products/hAgQy6GOLRXdZ8K6iSHgEbC7VZe9rhgsa3cDn0lY.jpg', NULL, NULL),
	(62, 58, 'storage/products/obnTxO4N3ik55hiryzBG6bZWVIrHych7UMk7CKz2.jpg', NULL, NULL),
	(63, 58, 'storage/products/agsgUXQm0KZ4GKdTsVlV7etMvMAKlPTDkhyWiguW.jpg', NULL, NULL),
	(64, 59, 'storage/products/w2BoQax2lspdx1fafvv1JrN2CUNRx7UG5eBJ8wk0.jpg', NULL, NULL),
	(65, 59, 'storage/products/n1MZ3CEGGlF9ZQ7j3Li5rFYFAPvQ3IGSrCQB1v0k.jpg', NULL, NULL),
	(66, 59, 'storage/products/CaqU3xR0vh40B8qgZnoOnbAzHRYnO58SIVG6YCgb.jpg', NULL, NULL),
	(67, 60, 'storage/products/SSYf6DmTeiSiME4TZSNVTNFeAk2IJOt2ctBqunAk.jpg', NULL, NULL),
	(68, 60, 'storage/products/3hGgoXrLsDgjCDQrk3gO3b8s0C21KCmFYi7JHI1g.jpg', NULL, NULL),
	(69, 60, 'storage/products/izTe1sXyiGX0dWpQx0JpzmdLCrcNhI0ZJjEzo2LU.jpg', NULL, NULL),
	(70, 61, 'storage/products/dnJTj8Jp6sdcP9Aqz01kyutGMeV6zNOgpRDy44W3.png', NULL, NULL),
	(71, 61, 'storage/products/wuBx046UGTZfZPhp18215teeCBYViWj1p6MmGQpf.jpg', NULL, NULL),
	(72, 61, 'storage/products/ICitN7o4HxU5hb6U8VQ2YaaeT8yxDzLKFAj2OjGx.jpg', NULL, NULL),
	(73, 62, 'storage/products/GYcZucArY2ZtbmvYnDVVKAwCTKHePAgkubzeSJrq.jpg', NULL, NULL),
	(74, 62, 'storage/products/IzktndGtUdq5AQ9V4TpebpCEaVj49BeeZaWp7QzS.jpg', NULL, NULL),
	(75, 62, 'storage/products/e2ew5xO8XySWjBJqMzMGuTg7jTWFb3TBeZgwrazK.png', NULL, NULL),
	(76, 63, 'storage/products/xnmFqkSXvSkKZHsk9WVzLhGyIGH5ePSFEz9sCjqX.png', NULL, NULL),
	(77, 63, 'storage/products/byeX7WfdchrOsMABAHzwEB6y7BmkTi5krHLW5mWL.png', NULL, NULL),
	(78, 64, 'storage/products/ZyWN62JCHuom46RTebWR8hRztssZ6j3uKeGMscfd.jpg', NULL, NULL),
	(79, 64, 'storage/products/W5IIlJwIk4dnZjofaQ6CdCV0N3K3LS8W5bTLMZic.jpg', NULL, NULL),
	(80, 64, 'storage/products/ViM8D4DTHaazgo40ubtfwVOJOz1NxhC7fxfzQZTS.jpg', NULL, NULL),
	(81, 65, 'storage/products/HRVcwRPCATgqeZMTAZfoE1Roz9gch0dqlJY8LA2n.jpg', NULL, NULL),
	(82, 65, 'storage/products/jJGD6SmK8IrFRhFpa4beQp1ryLzDBQxBgNRrf05y.jpg', NULL, NULL),
	(83, 65, 'storage/products/ilTYg11TrdstQTFo0svbBXTyCmUAgqTnhLW0d5zf.jpg', NULL, NULL),
	(84, 66, 'storage/products/ZjsvsotWj2m8dpAmvX4tTgyujnmNA5R4pN6qkDpt.jpg', NULL, NULL),
	(85, 66, 'storage/products/VWuffeIL5o9kzLr7XFqXpzJLmCHOvUTmj3j7X6ss.jpg', NULL, NULL),
	(86, 67, 'storage/products/djLZHwH61hClVsrnlCBqkK7DUxXrNGJ4I2TN4rHa.png', NULL, NULL),
	(87, 67, 'storage/products/5TGULMf0nKduntSQl7Xe5dAcG7jVcB7Y2K5eJWpw.png', NULL, NULL),
	(88, 68, 'storage/products/iTpS9YhJ8aC0CR6Na0E83hdjQ5qoHWkBL8MwGpIz.jpg', NULL, NULL),
	(89, 68, 'storage/products/gOl58z7C2JfdxjcTqnSphi6XM3cRvVHQH26YhK6E.jpg', NULL, NULL),
	(90, 68, 'storage/products/o3hVk2q8hzhZDXuAnnuX4p44OZO04TWuzYH1gVpy.jpg', NULL, NULL),
	(91, 69, 'storage/products/X9xs2RYEW07PfpUhTqfecpy8ARs6cLrv2xbfpt0V.jpg', NULL, NULL),
	(92, 69, 'storage/products/adn7Aki9rE99lCcMdnbYPkkBB1FKfG6iYKHFdkDt.jpg', NULL, NULL),
	(93, 69, 'storage/products/lioY6mhCpNwAbVexi9LOyOgd94KuiNKIfIIJswzk.jpg', NULL, NULL),
	(94, 70, 'storage/products/nwVK4rZwsJdnEt1ysCq8aR794sYAscF2bNFMZKrt.jpg', NULL, NULL),
	(95, 70, 'storage/products/LWXIIPHnqHT2VUfz3AcfmXdUamcVs5WRsWp1H7R1.jpg', NULL, NULL),
	(96, 70, 'storage/products/X7rgPtfm9EuEr5HpuBtGqRMQduT9SOISJOhqqAid.jpg', NULL, NULL),
	(97, 71, 'storage/products/utKGkzt0kpeKlcACVtMVwzex63H5MeJvHDi1JDpY.jpg', NULL, NULL),
	(98, 71, 'storage/products/BBkJH795c79905o5Md84al3AYsrJsqFSxaymBoCL.png', NULL, NULL),
	(99, 71, 'storage/products/CFY8z17N25L85bdjqz4w4Kd60FJm56U9u359D9F2.png', NULL, NULL),
	(100, 72, 'storage/products/399oQNXYIAbYeMJUzTznkmrqeoIxRk60kM7S3vwL.jpg', NULL, NULL),
	(101, 72, 'storage/products/J9xM6jBNWcqy93jW82yofpWApfLVeGBbg05zpNPH.jpg', NULL, NULL),
	(102, 72, 'storage/products/3RzenAlsE0OtDswSrx0MhYvxoJe6hRmlZJjz36qa.jpg', NULL, NULL);

-- Dumping structure for table pbl4.imports
CREATE TABLE IF NOT EXISTS `imports` (
  `id` bigint unsigned NOT NULL AUTO_INCREMENT,
  `importer_name` varchar(255) CHARACTER SET utf8mb4 COLLATE utf8mb4_unicode_ci DEFAULT NULL,
  `provider_id` bigint unsigned DEFAULT NULL,
  `provider_name` varchar(255) CHARACTER SET utf8mb4 COLLATE utf8mb4_unicode_ci NOT NULL,
  `provider_tax_id` varchar(255) CHARACTER SET utf8mb4 COLLATE utf8mb4_unicode_ci NOT NULL,
  `import_date` datetime DEFAULT NULL,
  `created_at` timestamp NULL DEFAULT NULL,
  `updated_at` timestamp NULL DEFAULT NULL,
  PRIMARY KEY (`id`),
  KEY `provider_id` (`provider_id`),
  CONSTRAINT `imports_ibfk_1` FOREIGN KEY (`provider_id`) REFERENCES `providers` (`id`)
) ENGINE=InnoDB AUTO_INCREMENT=85 DEFAULT CHARSET=utf8mb4 COLLATE=utf8mb4_unicode_ci;

-- Dumping data for table pbl4.imports: ~10 rows (approximately)
INSERT INTO `imports` (`id`, `importer_name`, `provider_id`, `provider_name`, `provider_tax_id`, `import_date`, `created_at`, `updated_at`) VALUES
	(75, 'Nguyễn Công Cường', 4, 'Apple', '03432201594843', '2022-10-27 02:49:09', '2022-10-26 19:49:09', '2022-10-26 19:49:09'),
	(76, 'Nguyễn Công Cường', 4, 'Apple', '03432201594843', '2022-10-27 02:50:57', '2022-10-26 19:50:57', '2022-10-26 19:50:57'),
	(77, 'Nguyễn Công Cường', 5, 'SamSung', '04445323392322', '2022-11-27 02:52:47', '2022-10-26 19:52:47', '2022-10-26 19:52:47'),
	(78, 'Nguyễn Công Cường', 6, 'BKAV', '0593958382333', '2022-10-27 02:55:31', '2022-10-26 19:55:31', '2022-10-26 19:55:31'),
	(79, 'Nguyễn Công Cường', 6, 'BKAV', '0593958382333', '2022-10-27 10:00:35', '2022-10-26 20:00:35', '2022-10-26 20:00:35'),
	(80, 'Nguyễn Công Cường', 4, 'Apple', '03432201594843', '2022-10-28 12:37:42', '2022-10-27 22:37:42', '2022-10-27 22:37:42'),
	(81, 'Nguyễn Văn Manh ft', 1, 'VinFast', '0307030428931', '2022-10-28 20:29:52', '2022-10-28 06:29:52', '2022-10-28 06:29:52'),
	(82, 'Nguyễn Công Cường', 35, 'NextTech', '0223203320022', '2022-12-15 02:43:14', '2022-12-14 12:43:14', '2022-12-14 12:43:14'),
	(83, 'Nguyễn Công Cường', 5, 'SamSung', '04445323392322', '2022-12-20 16:21:53', '2022-12-20 02:21:53', '2022-12-20 02:21:53'),
	(84, 'Nguyễn Công Cường', 4, 'Apple', '03432201594843', '2022-12-22 23:09:28', '2022-12-22 09:09:28', '2022-12-22 09:09:28');

-- Dumping structure for table pbl4.import_details
CREATE TABLE IF NOT EXISTS `import_details` (
  `id` bigint unsigned NOT NULL AUTO_INCREMENT,
  `import_id` bigint unsigned DEFAULT NULL,
  `product_id` bigint unsigned DEFAULT NULL,
  `product_name` varchar(255) CHARACTER SET utf8mb4 COLLATE utf8mb4_unicode_ci NOT NULL,
  `quantity` int NOT NULL,
  `price` float(14,2) NOT NULL,
  `tax` float(14,2) NOT NULL,
  `created_at` timestamp NULL DEFAULT NULL,
  `updated_at` timestamp NULL DEFAULT NULL,
  PRIMARY KEY (`id`),
  KEY `product_id` (`product_id`),
  KEY `import_id` (`import_id`),
  CONSTRAINT `import_details_ibfk_1` FOREIGN KEY (`product_id`) REFERENCES `products` (`id`),
  CONSTRAINT `import_details_ibfk_2` FOREIGN KEY (`import_id`) REFERENCES `imports` (`id`)
) ENGINE=InnoDB AUTO_INCREMENT=100 DEFAULT CHARSET=utf8mb4 COLLATE=utf8mb4_unicode_ci;

-- Dumping data for table pbl4.import_details: ~19 rows (approximately)
INSERT INTO `import_details` (`id`, `import_id`, `product_id`, `product_name`, `quantity`, `price`, `tax`, `created_at`, `updated_at`) VALUES
	(81, 75, 2, 'MacBook Air M1', 10, 300999.00, 20.00, '2022-10-26 19:49:18', '2022-10-26 19:49:18'),
	(82, 76, 54, 'Apple Watch', 20, 22000000.00, 10.00, '2022-10-26 19:50:57', '2022-10-26 19:50:57'),
	(83, 76, 2, 'MacBook Air M1', 155, 15000000.00, 20.00, '2022-10-26 19:50:58', '2022-10-26 19:50:58'),
	(84, 76, 58, 'Apple Airpods Pro 2', 30, 3000999.00, 5.00, '2022-10-26 19:50:58', '2022-10-26 19:50:58'),
	(85, 77, 14, 'Samsung Galaxy Z Flip', 50, 27999666.00, 22.00, '2022-10-26 19:52:47', '2022-10-26 19:52:47'),
	(86, 77, 57, 'Loa JPL', 22, 1500999.00, 10.00, '2022-10-26 19:52:47', '2022-10-26 19:52:47'),
	(87, 78, 55, 'Xiaomi MI 10T Pro', 12, 12224445.00, 12.00, '2022-10-26 19:55:31', '2022-10-26 19:55:31'),
	(88, 78, 59, 'Bàn phím cơ', 40, 300999.00, 5.00, '2022-10-26 19:55:31', '2022-10-26 19:55:31'),
	(89, 79, 64, 'USB 2T', 200, 230099.00, 12.00, '2022-10-26 20:00:35', '2022-10-26 20:00:35'),
	(90, 79, 59, 'Bàn phím cơ', 20, 235000.00, 12.00, '2022-10-26 20:00:35', '2022-10-26 20:00:35'),
	(91, 80, 1, 'Asus Gaming', 10, 1000.00, 12.00, '2022-10-27 22:37:42', '2022-10-27 22:37:42'),
	(92, 80, 13, 'Iphone 14', 120, 2000.00, 10.00, '2022-10-27 22:37:42', '2022-10-27 22:37:42'),
	(93, 80, 58, 'Apple Airpods Pro 2', 16, 19.00, 20.00, '2022-10-27 22:37:43', '2022-10-27 22:37:43'),
	(94, 80, 54, 'Apple Watch', 60, 600.00, 15.00, '2022-10-27 22:37:43', '2022-10-27 22:37:43'),
	(95, 81, 72, 'Tesla Model X 2022', 20, 12300.00, 10.00, '2022-10-28 06:29:52', '2022-10-28 06:29:52'),
	(96, 81, 71, 'Vinfast Lux A2.0', 19, 19000.00, 15.00, '2022-10-28 06:29:52', '2022-10-28 06:29:52'),
	(97, 82, 61, 'Nhà Giả Kim', 19, 9999.00, 10.00, '2022-12-14 12:43:14', '2022-12-14 12:43:14'),
	(98, 83, 63, 'Ốp lưng IP12', 999, 12.00, 12.00, '2022-12-20 02:21:53', '2022-12-20 02:21:53'),
	(99, 84, 56, 'Gaming GL66', 10, 999999.00, 10.00, '2022-12-22 09:09:28', '2022-12-22 09:09:28');

-- Dumping structure for table pbl4.migrations
CREATE TABLE IF NOT EXISTS `migrations` (
  `id` int unsigned NOT NULL AUTO_INCREMENT,
  `migration` varchar(255) CHARACTER SET utf8mb4 COLLATE utf8mb4_unicode_ci NOT NULL,
  `batch` int NOT NULL,
  PRIMARY KEY (`id`)
) ENGINE=InnoDB AUTO_INCREMENT=22 DEFAULT CHARSET=utf8mb4 COLLATE=utf8mb4_unicode_ci;

-- Dumping data for table pbl4.migrations: ~15 rows (approximately)
INSERT INTO `migrations` (`id`, `migration`, `batch`) VALUES
	(1, '2014_10_12_000000_create_users_table', 1),
	(2, '2014_10_12_100000_create_password_resets_table', 1),
	(3, '2019_08_19_000000_create_failed_jobs_table', 1),
	(4, '2019_12_14_000001_create_personal_access_tokens_table', 1),
	(5, '2022_09_27_161838_create_products_table', 1),
	(6, '2022_09_27_161855_create_customers_table', 1),
	(7, '2022_09_27_192234_create_categories_table', 1),
	(12, '2022_09_27_192315_create_user_orders_table', 1),
	(14, '2022_09_27_201327_create_images_table', 1),
	(15, '2022_09_27_192242_create_providers_table', 2),
	(16, '2022_09_27_192250_create_imports_table', 3),
	(17, '2022_09_27_192258_create_import_details_table', 4),
	(18, '2022_11_05_134009_create_customer_orders_table', 5),
	(19, '2022_09_27_192306_create_shipping_addresses_table', 6),
	(20, '2022_09_27_192329_create_order_details_table', 7),
	(21, '2024_04_22_134854_create_user_datas_table', 8);

-- Dumping structure for table pbl4.order_details
CREATE TABLE IF NOT EXISTS `order_details` (
  `id` bigint unsigned NOT NULL AUTO_INCREMENT,
  `customer_order_id` bigint unsigned NOT NULL,
  `product_id` bigint unsigned DEFAULT NULL,
  `product_name` varchar(255) CHARACTER SET utf8mb4 COLLATE utf8mb4_unicode_ci NOT NULL,
  `quantity` int NOT NULL,
  `price` float NOT NULL,
  `created_at` timestamp NULL DEFAULT NULL,
  `updated_at` timestamp NULL DEFAULT NULL,
  PRIMARY KEY (`id`),
  KEY `customer_order_id` (`customer_order_id`),
  KEY `product_id` (`product_id`),
  CONSTRAINT `order_details_ibfk_1` FOREIGN KEY (`customer_order_id`) REFERENCES `customer_orders` (`id`),
  CONSTRAINT `order_details_ibfk_2` FOREIGN KEY (`product_id`) REFERENCES `products` (`id`)
) ENGINE=InnoDB AUTO_INCREMENT=55 DEFAULT CHARSET=utf8mb4 COLLATE=utf8mb4_unicode_ci;

-- Dumping data for table pbl4.order_details: ~54 rows (approximately)
INSERT INTO `order_details` (`id`, `customer_order_id`, `product_id`, `product_name`, `quantity`, `price`, `created_at`, `updated_at`) VALUES
	(1, 2, 1, 'Asus Gaming', 9, 25000000, '2022-12-14 11:51:25', '2022-12-14 11:51:25'),
	(2, 2, 2, 'MacBook Air M1', 8, 30000000, '2022-12-14 11:51:25', '2022-12-14 11:51:25'),
	(3, 3, 13, 'Iphone 14', 4, 32000000, '2022-12-14 12:04:11', '2022-12-14 12:04:11'),
	(4, 3, 54, 'Apple Watch', 3, 999222, '2022-12-14 12:04:11', '2022-12-14 12:04:11'),
	(5, 4, 14, 'Samsung Galaxy Z Flip', 20, 10000000, '2022-12-14 12:30:16', '2022-12-14 12:30:16'),
	(6, 5, 71, 'Vinfast Lux A2.0', 3, 9999, '2022-12-14 12:31:38', '2022-12-14 12:31:38'),
	(7, 6, 57, 'Loa JPL', 2, 300000, '2022-12-14 12:33:52', '2022-12-14 12:33:52'),
	(8, 7, 71, 'Vinfast Lux A2.0', 1, 9999, '2022-12-20 02:10:01', '2022-12-20 02:10:01'),
	(9, 7, 61, 'Nhà Giả Kim', 1, 30000, '2022-12-20 02:10:01', '2022-12-20 02:10:01'),
	(10, 7, 57, 'Loa JPL', 1, 300000, '2022-12-20 02:10:01', '2022-12-20 02:10:01'),
	(11, 7, 59, 'Bàn phím cơ', 1, 450000, '2022-12-20 02:10:01', '2022-12-20 02:10:01'),
	(12, 8, 71, 'Vinfast Lux A2.0', 1, 9999, '2022-12-20 02:11:40', '2022-12-20 02:11:40'),
	(13, 8, 72, 'Tesla Model X 2022', 1, 19999, '2022-12-20 02:11:40', '2022-12-20 02:11:40'),
	(14, 8, 61, 'Nhà Giả Kim', 1, 30000, '2022-12-20 02:11:40', '2022-12-20 02:11:40'),
	(15, 8, 63, 'Ốp lưng IP12', 1, 30000, '2022-12-20 02:11:40', '2022-12-20 02:11:40'),
	(16, 8, 60, 'Sách DevUp', 1, 90000, '2022-12-20 02:11:40', '2022-12-20 02:11:40'),
	(17, 9, 72, 'Tesla Model X 2022', 1, 19999, '2022-12-20 02:13:32', '2022-12-20 02:13:32'),
	(18, 9, 63, 'Ốp lưng IP12', 1, 30000, '2022-12-20 02:13:32', '2022-12-20 02:13:32'),
	(19, 10, 71, 'Vinfast Lux A2.0', 1, 9999, '2022-12-20 02:38:59', '2022-12-20 02:38:59'),
	(20, 10, 61, 'Nhà Giả Kim', 1, 30000, '2022-12-20 02:38:59', '2022-12-20 02:38:59'),
	(21, 10, 60, 'Sách DevUp', 1, 90000, '2022-12-20 02:38:59', '2022-12-20 02:38:59'),
	(22, 10, 57, 'Loa JPL', 1, 300000, '2022-12-20 02:38:59', '2022-12-20 02:38:59'),
	(23, 11, 72, 'Tesla Model X 2022', 1, 19999, '2022-12-20 02:39:34', '2022-12-20 02:39:34'),
	(24, 11, 63, 'Ốp lưng IP12', 1, 30000, '2022-12-20 02:39:34', '2022-12-20 02:39:34'),
	(25, 12, 71, 'Vinfast Lux A2.0', 1, 9999, '2022-12-20 07:32:42', '2022-12-20 07:32:42'),
	(26, 13, 1, 'Asus Gaming', 5, 25000000, '2022-12-20 11:26:03', '2022-12-20 11:26:03'),
	(27, 13, 2, 'MacBook Air M1', 5, 30000000, '2022-12-20 11:26:03', '2022-12-20 11:26:03'),
	(28, 14, 1, 'Asus Gaming', 6, 25000000, '2022-12-20 11:29:08', '2022-12-20 11:29:08'),
	(29, 14, 2, 'MacBook Air M1', 6, 30000000, '2022-12-20 11:29:08', '2022-12-20 11:29:08'),
	(30, 15, 1, 'Asus Gaming', 9, 25000000, '2022-12-20 11:33:09', '2022-12-20 11:33:09'),
	(31, 15, 2, 'MacBook Air M1', 9, 30000000, '2022-12-20 11:33:09', '2022-12-20 11:33:09'),
	(32, 16, 71, 'Vinfast Lux A2.0', 1, 9999, '2022-12-20 12:57:30', '2022-12-20 12:57:30'),
	(33, 16, 72, 'Tesla Model X 2022', 1, 19999, '2022-12-20 12:57:30', '2022-12-20 12:57:30'),
	(34, 17, 71, 'Vinfast Lux A2.0', 1, 9999, '2022-12-21 04:50:26', '2022-12-21 04:50:26'),
	(35, 17, 72, 'Tesla Model X 2022', 1, 19999, '2022-12-21 04:50:26', '2022-12-21 04:50:26'),
	(36, 17, 61, 'Nhà Giả Kim', 1, 30000, '2022-12-21 04:50:26', '2022-12-21 04:50:26'),
	(37, 17, 63, 'Ốp lưng IP12', 1, 30000, '2022-12-21 04:50:26', '2022-12-21 04:50:26'),
	(38, 17, 60, 'Sách DevUp', 1, 90000, '2022-12-21 04:50:26', '2022-12-21 04:50:26'),
	(39, 17, 64, 'USB 2T', 1, 500300, '2022-12-21 04:50:26', '2022-12-21 04:50:26'),
	(40, 18, 14, 'Samsung Galaxy Z Flip', 1, 10000000, '2022-12-21 04:53:13', '2022-12-21 04:53:13'),
	(41, 18, 1, 'Asus Gaming', 1, 25000000, '2022-12-21 04:53:13', '2022-12-21 04:53:13'),
	(42, 18, 56, 'Gaming GL66', 1, 23500000, '2022-12-21 04:53:13', '2022-12-21 04:53:13'),
	(43, 18, 54, 'Apple Watch', 1, 999222, '2022-12-21 04:53:13', '2022-12-21 04:53:13'),
	(44, 18, 58, 'Apple Airpods Pro 2', 2, 11000100, '2022-12-21 04:53:13', '2022-12-21 04:53:13'),
	(45, 18, 55, 'Xiaomi MI 10T Pro', 1, 27000000, '2022-12-21 04:53:13', '2022-12-21 04:53:13'),
	(46, 18, 13, 'Iphone 14', 1, 32000000, '2022-12-21 04:53:13', '2022-12-21 04:53:13'),
	(47, 18, 2, 'MacBook Air M1', 1, 30000000, '2022-12-21 04:53:13', '2022-12-21 04:53:13'),
	(48, 18, 71, 'Vinfast Lux A2.0', 1, 9999, '2022-12-21 04:53:13', '2022-12-21 04:53:13'),
	(49, 19, 71, 'Vinfast Lux A2.0', 2, 9999, '2022-12-23 23:04:34', '2022-12-23 23:04:34'),
	(50, 19, 64, 'USB 2T', 1, 500300, '2022-12-23 23:04:34', '2022-12-23 23:04:34'),
	(51, 20, 72, 'Tesla Model X 2022', 10, 19999, '2024-04-22 07:38:38', '2024-04-22 07:38:38'),
	(52, 20, 63, 'Ốp lưng IP12', 2, 30000, '2024-04-22 07:38:38', '2024-04-22 07:38:38'),
	(53, 21, 72, 'Tesla Model X 2022', 10, 19999, '2024-04-22 07:39:08', '2024-04-22 07:39:08'),
	(54, 21, 63, 'Ốp lưng IP12', 2, 30000, '2024-04-22 07:39:08', '2024-04-22 07:39:08');

-- Dumping structure for table pbl4.password_resets
CREATE TABLE IF NOT EXISTS `password_resets` (
  `id` int DEFAULT NULL,
  `email` varchar(255) CHARACTER SET utf8mb4 COLLATE utf8mb4_unicode_ci NOT NULL,
  `token` varchar(255) CHARACTER SET utf8mb4 COLLATE utf8mb4_unicode_ci NOT NULL,
  `created_at` timestamp NULL DEFAULT NULL,
  `updated_at` timestamp NULL DEFAULT NULL,
  KEY `password_resets_email_index` (`email`)
) ENGINE=InnoDB DEFAULT CHARSET=utf8mb4 COLLATE=utf8mb4_unicode_ci;

-- Dumping data for table pbl4.password_resets: ~0 rows (approximately)

-- Dumping structure for table pbl4.personal_access_tokens
CREATE TABLE IF NOT EXISTS `personal_access_tokens` (
  `id` bigint unsigned NOT NULL AUTO_INCREMENT,
  `tokenable_type` varchar(255) CHARACTER SET utf8mb4 COLLATE utf8mb4_unicode_ci NOT NULL,
  `tokenable_id` bigint unsigned NOT NULL,
  `name` varchar(255) CHARACTER SET utf8mb4 COLLATE utf8mb4_unicode_ci NOT NULL,
  `token` varchar(64) CHARACTER SET utf8mb4 COLLATE utf8mb4_unicode_ci NOT NULL,
  `abilities` text CHARACTER SET utf8mb4 COLLATE utf8mb4_unicode_ci,
  `last_used_at` timestamp NULL DEFAULT NULL,
  `created_at` timestamp NULL DEFAULT NULL,
  `updated_at` timestamp NULL DEFAULT NULL,
  PRIMARY KEY (`id`),
  UNIQUE KEY `personal_access_tokens_token_unique` (`token`),
  KEY `personal_access_tokens_tokenable_type_tokenable_id_index` (`tokenable_type`,`tokenable_id`)
) ENGINE=InnoDB DEFAULT CHARSET=utf8mb4 COLLATE=utf8mb4_unicode_ci;

-- Dumping data for table pbl4.personal_access_tokens: ~0 rows (approximately)

-- Dumping structure for table pbl4.products
CREATE TABLE IF NOT EXISTS `products` (
  `id` bigint unsigned NOT NULL AUTO_INCREMENT,
  `name` varchar(255) CHARACTER SET utf8mb4 COLLATE utf8mb4_unicode_ci NOT NULL,
  `quantity` int NOT NULL,
  `warranty_period` date NOT NULL,
  `description` longtext CHARACTER SET utf8mb4 COLLATE utf8mb4_unicode_ci NOT NULL,
  `category_id` bigint unsigned DEFAULT NULL,
  `price` float(14,2) NOT NULL,
  `material` varchar(255) CHARACTER SET utf8mb4 COLLATE utf8mb4_unicode_ci NOT NULL,
  `dimension` varchar(255) CHARACTER SET utf8mb4 COLLATE utf8mb4_unicode_ci NOT NULL,
  `uri` varchar(255) CHARACTER SET utf8mb4 COLLATE utf8mb4_unicode_ci NOT NULL,
  `created_at` timestamp NULL DEFAULT NULL,
  `updated_at` timestamp NULL DEFAULT NULL,
  PRIMARY KEY (`id`),
  UNIQUE KEY `products_uri_unique` (`uri`),
  KEY `category_id` (`category_id`),
  CONSTRAINT `products_ibfk_1` FOREIGN KEY (`category_id`) REFERENCES `categories` (`id`)
) ENGINE=InnoDB AUTO_INCREMENT=73 DEFAULT CHARSET=utf8mb4 COLLATE=utf8mb4_unicode_ci;

-- Dumping data for table pbl4.products: ~23 rows (approximately)
INSERT INTO `products` (`id`, `name`, `quantity`, `warranty_period`, `description`, `category_id`, `price`, `material`, `dimension`, `uri`, `created_at`, `updated_at`) VALUES
	(1, 'Asus Gaming', 28, '2024-10-20', 'Laptop Asus cấu hình mạnh', 34, 25000000.00, 'thép', '14.1 x 9.1 x 0.8 inch', 'asdfghjkl1234567890', '2022-09-27 05:59:43', '2022-12-21 04:53:13'),
	(2, 'MacBook Air M1', 457, '2024-10-02', 'Laptop Apple MacBook Air M1 2020 8GB/256GB/7-core GPU (MGN93SA/A) \nLaptop Apple MacBook Air M1 2020 thuộc dòng laptop cao cấp sang trọng có cấu hình mạnh mẽ, chinh phục được các tính năng văn phòng lẫn đồ hoạ mà bạn mong muốn, thời lượng pin dài, thiết kế mỏng nhẹ sẽ đáp ứng tốt các nhu cầu làm việc của bạn.', 34, 30000000.00, 'Nhôm', '16 x 10 x 0.8 inch229', 'zxcvbnm1234567890', '2022-10-24 02:18:49', '2022-12-21 04:53:13'),
	(13, 'Iphone 14', 149, '2024-12-27', '- Thiết kế và chất liệu: Khung viền nhôm Aluminum, mặt lưng kính.\n\n- Màn hình: OLED 6.1 inch, Super Retina XDR, độ phân giải 2532 - x 1170 pixel, tần số quét 60 Hz.\n\n- Camera: Trước 12 MP. Sau 12 MP, 12 MP.\n\n- Hệ điều hành: IOS 16.\n\n- Chip CPU: Apple A15 Bionic\n\n- Bộ nhớ: 128 GB, 256 GB, 512 GB.\n\n- Kết nối: 5G, Wi-Fi, eSIM.\n\n- Pin, sạc: Sử dụng lên tới 20 giờ, sạc không dây MagSafe 15W, sạc không dây Qi lên đến 7,5W, sạc nhanh 20W.\n\n- Tiện ích: Camera TrueDepth nhận dạng khuôn mặt, hỗ trợ quay video với HDR Dolby Vision, chống nước và bụi chuẩn IP68,…', 3, 32000000.00, 'Khung viền nhôm Aluminum, mặt lưng kính.', '6.1 inch', 'c239c94e9d02a705b8ac', '2022-10-23 14:17:57', '2022-12-21 04:53:13'),
	(14, 'Samsung Galaxy Z Flip', 67, '2024-10-26', 'Samsung Galaxy Z Flip là điện thoại thông minh có thể gập lại chạy trên nền tảng Android được phát triển, sản xuất và thương mại hóa bởi Samsung Electronics. Đây là mẫu máy điện thoại gập thứ hai của Samsung sau Galaxy Fold.', 3, 9999999.00, 'Phủ thủy tinh', '6,7 inch', 'c89e98596274b5268138', '2022-10-23 14:22:14', '2022-12-21 04:53:13'),
	(54, 'Apple Watch', 679, '2022-10-27', 'Apple Watch Series 0 trang bị màn hình Retina OLED kích thước 1.65″, được bảo vệ bởi lớp kính cường lực Sapphire crystal glass chống trầy xước và chịu được những tác động mạnh. Mặt lưng của Series 0 có tích hợp cụm cảm biến để đo nhịp tim.', 45, 999222.00, 'Bản nhôm: Màu trắng, màu xám', '1.65″ Retina OLED', 'f780ba967d1d010a8a4a', '2022-10-24 20:55:53', '2022-12-21 04:53:13'),
	(55, 'Xiaomi MI 10T Pro', 6479, '2025-10-07', 'Mi 10T Pro 5G mẫu smartphone cao cấp của Xiaomi trong năm 2020 cuối cùng cũng được trình làng với loạt những thông số gây “choáng ngợp”: Màn hình tần số quét 144 Hz, vi xử lý Snapdragon 865 và cụm camera khủng 108 MP kèm theo đó là một mức giá dễ chịu cho người dùng.', 3, 27000000.00, 'Thép', 'IPS LCD6.67"Full HD+', 'c8d1f7e65401decaca03', '2022-10-24 21:01:23', '2022-12-21 04:53:13'),
	(56, 'Gaming GL66', 6684, '2022-11-05', 'Thông số kỹ thuật\nLoại CPU. Intel Core i7 11800H.\nLoại card đồ họa. Geforce RTX 3050Ti 4GB.\nDung lượng RAM. 16GB.\nLoại RAM. DDR4 16GB (2 x 8GB) 3200MHz; 2 khe, hỗ trợ tối đa 64GB.\nỔ cứng. 512GB SSD + 1 HDD 2.5\'\nKích thước màn hình. 15.6 inches.\nĐộ phân giải màn hình. 1080 x 1920 pixels (FullHD)\nCổng giao tiếp. 1x (4K @ 60Hz) HDMI.', 34, 23500000.00, 'Thép', '1080 x 1920 pixels (FullHD)', '58630fd8809728d8aa21', '2022-10-24 22:36:09', '2022-12-22 09:09:28'),
	(57, 'Loa JPL', 27, '2022-10-20', 'JBL charge 3 là một sản phẩm độc quyền của thương hiệu JBL, có xuất xứ từ Mỹ. Đây là một thiết bị loa bluetooth từ khi ra mắt đã được rất nhiều người săn đón. Bởi lẽ, người ta yêu thích và lựa chọn dòng loa này là do sự dung hòa tuyệt đỉnh giữa chất lượng âm thanh, pin trâu và khả năng chống nước bền bỉ.', 46, 300000.00, 'Thép', '213 x 87 x 88,5 mm', '8406e6175cd5d31d8c49', '2022-10-24 22:40:16', '2022-12-20 02:38:59'),
	(58, 'Apple Airpods Pro 2', 106, '2022-10-30', 'Airpods Pro 2 chính thức ra mắt người dùng vào  rạng sáng 8/9/2022 theo giờ Việt Nam tại sự kiện “Far Out”. Mẫu tai nghe Airpods Pro 2 với những cải tiến vô cùng mạnh mẽ từ vi xử lý mới, thời lượng pin lên đến 30 giờ và công nghệ Find My tích hợp cho khả năng tìm kiếm tai nghe dễ dàng hơn bao giờ hết.', 47, 11000110.00, 'Nhựa', 'Dài 3.09 cm – Rộng 2.18 cm – Cao 2.17 cm', 'beb6a5c2315d57b15cd6', '2022-10-24 22:45:17', '2022-12-21 04:53:13'),
	(59, 'Bàn phím cơ', 65, '2022-12-09', 'Bàn phím cơ giá tốt', 48, 450000.00, 'Nhựa', '20cmx10cm', 'c80aa2615376a523f289', '2022-10-25 00:21:59', '2022-12-20 02:10:01'),
	(60, 'Sách DevUp', 79, '2022-12-10', 'Sách hay nhất của Người trong muôn nghề', 13, 90000.00, 'Bìa cứng', '20cm -  6cm', 'b6b938e5052d9b6d6c06', '2022-10-25 00:27:58', '2022-12-21 04:50:26'),
	(61, 'Nhà Giả Kim', 15, '2022-12-30', 'Sách hay của tác giả Paulo Coelho', 13, 30000.00, 'Bìa cứng', '20cm - 6cm', 'eef751f4d5d65beb9f83', '2022-10-25 00:47:56', '2022-12-21 04:50:26'),
	(62, 'Đắc Nhân Tâm', 0, '2023-02-10', 'Sách hay - Đắc nhân tâm', 13, 345000.00, 'Bìa cứng', '20cm - 6cm', 'a6167fbae577e26eeb60', '2022-10-25 00:51:43', '2022-10-25 00:51:43'),
	(63, 'Ốp lưng IP12', 992, '2023-01-28', 'Ốp lưng màu đỏ dành cho điện thoại IPhone 12', 49, 30000.00, 'Ốp da', '12cm - 6cm', '9724895233d7d168774a', '2022-10-25 00:57:20', '2024-04-22 07:39:08'),
	(64, 'USB 2T', 198, '2022-12-25', 'Bộ nhớ , tốc độ đọc ghi siêu nhanh .', 50, 500300.00, 'Nhôm', '6cm - 4cm', 'bda1d26c51203943f113', '2022-10-25 01:05:09', '2022-12-23 23:04:34'),
	(65, 'Sạc dự phòng Energizer 20.000mAh UE20012PQ', 0, '2024-11-22', 'Sạc dự phòng với 2 Đầu vào: Micro-USB, Đầu vào: Type C', 51, 900233.00, 'Nhôm', '10cm - 6cm', '2bbda9b780b75c226dd4', '2022-10-25 01:09:37', '2022-10-25 01:09:37'),
	(66, 'Bàn văn phòng', 0, '2022-10-28', 'Bàn văn phòng giá tốt . Để máy tính siêu đẹp .', 30, 1000999.00, 'Gỗ lim', '2m - 0.5m . Khối lượng 10kg', '1514021ea4a864141a5e', '2022-10-25 01:17:49', '2022-10-25 01:17:49'),
	(67, 'Ghế văn phòng', 0, '2023-02-04', 'Ghế văn phòng cao cấp . Chân sắt .', 30, 560399.00, 'Bọc vải - Khung sắt', '0.5m - 0.3m - 0.2m', 'e6c346ab60e7ab052bce', '2022-10-25 01:28:08', '2022-10-25 01:28:08'),
	(68, 'Redmi Xiaomi', 0, '2022-10-28', 'Điện thoại mới nhất của Xiaomi\nCông nghệ màn hình	AMOLEDHDR10+\nTần số quét	120Hz\nĐộ sáng tối đa	1500 nits\nKích thước màn hình	6.81 inch\nĐộ phân giải	1440 x 3200', 3, 17000332.00, 'Nhựa', '6.81 inch', 'ee4f585df2d2007e95b5', '2022-10-25 01:36:49', '2022-10-25 01:36:49'),
	(69, 'Lót chuột pro :))', 0, '2022-12-29', 'Lót chuột làm từ chất liệu vip pro siêu cấp :)) mua đi', 12, 9999999.00, 'Vải tơ tằm', '20cm - 20cm', '30691e92869d0bb5f259', '2022-10-25 01:39:22', '2022-10-25 01:39:55'),
	(70, 'USB 3.1 Type C', 0, '2022-10-21', 'Cổng chuyển đổi type C siêu bền', 12, 30999.00, 'Thép', '10cm - 2cm', 'd9103061ec5a246e97d2', '2022-10-25 01:52:50', '2022-10-25 01:52:50'),
	(71, 'Vinfast Lux A2.0', 8, '2022-10-30', 'Sự kết hợp giữa dáng vẻ khỏe khoắn và cấu trúc hoàn hảo của ngoại thất tạo nên điểm nhấn sang trọng nhưng vẫn đầy tinh tế cho LUX A2.0, thổi làn gió mới vào thiết kế đặc hữu của dòng sedan thông thường.', 52, 9999.00, 'Thép', '4973 x 1900 x 1500 (mm)', 'bed4db5d0d16175a5e0c', '2022-10-28 06:24:18', '2022-12-23 23:04:34'),
	(72, 'Tesla Model X 2022', -5, '2022-10-30', 'Tesla Model X là dòng xe SUV điện hạng sang cỡ trung (mid-size all-electric luxury SUV) của nhà sản xuất xe hơi Tesla, inc (Mỹ). Ra đời lần đầu năm 2015, đến nay Model x vẫn ở thế hệ thứ nhất. Model X được phát triển với nền tảng chiếc sedan Tesla Model S. Cả Model X và Model S đều đang được sản xuất tại Nhà máy Tesla ở Fremont, California.', 52, 19999.00, 'Thép', '5037x 1999x 1676 (mm)', 'a719422a35a053a8821d', '2022-10-28 06:28:25', '2024-04-22 07:39:08');

-- Dumping structure for table pbl4.providers
CREATE TABLE IF NOT EXISTS `providers` (
  `id` bigint unsigned NOT NULL AUTO_INCREMENT,
  `name` varchar(255) CHARACTER SET utf8mb4 COLLATE utf8mb4_unicode_ci DEFAULT NULL,
  `email` varchar(255) CHARACTER SET utf8mb4 COLLATE utf8mb4_unicode_ci NOT NULL,
  `address` varchar(255) CHARACTER SET utf8mb4 COLLATE utf8mb4_unicode_ci DEFAULT NULL,
  `phone` varchar(255) CHARACTER SET utf8mb4 COLLATE utf8mb4_unicode_ci DEFAULT NULL,
  `tax_id_number` varchar(255) CHARACTER SET utf8mb4 COLLATE utf8mb4_unicode_ci DEFAULT NULL,
  `created_at` timestamp NULL DEFAULT NULL,
  `updated_at` timestamp NULL DEFAULT NULL,
  PRIMARY KEY (`id`),
  UNIQUE KEY `providers_email_unique` (`email`)
) ENGINE=InnoDB AUTO_INCREMENT=37 DEFAULT CHARSET=utf8mb4 COLLATE=utf8mb4_unicode_ci;

-- Dumping data for table pbl4.providers: ~22 rows (approximately)
INSERT INTO `providers` (`id`, `name`, `email`, `address`, `phone`, `tax_id_number`, `created_at`, `updated_at`) VALUES
	(1, 'VinFast', 'vinfast@gmail.com', 'Ho Chi Minh City', '0123456789', '0307030428931', '2022-10-19 22:53:41', '2022-10-23 02:04:40'),
	(2, 'SunHouse', 'sunhouse@gmail.com', 'Ha Noi - Viet Nam', '022030123292', '0233303232122', '2022-10-19 22:54:52', '2022-10-19 22:54:52'),
	(3, 'VinaMilk', 'vinamilk@gmail.com', 'Ba Vi - Viet Nam', '02102032933', '0330402022304', '2022-10-19 22:55:36', '2022-10-19 22:55:36'),
	(4, 'Apple', 'applestore@gmail.com', 'NewYork - USA', '01102394832', '03432201594843', '2022-10-19 22:56:28', '2022-10-30 10:24:19'),
	(5, 'SamSung', 'groupsamsung@gmail.com', 'Korea', '0940394223', '04445323392322', '2022-10-19 22:57:11', '2022-10-19 22:57:11'),
	(6, 'BKAV', 'bkav@gmail.com', 'Hà Nội - Việt Nam', '09876543213', '0593958382333', '2022-10-19 23:01:02', '2022-10-19 23:02:39'),
	(8, 'Ten nha cung cap 1', 'nhacungcap2222221@gmail.com', 'Da Nang - Viet Nam', '022222222222', '030303032222203030', '2022-10-19 23:28:12', '2022-10-20 02:08:40'),
	(13, 'Nha cung cap 1', 'nhacungcap2@gmail.com', 'Da Nang', '011111111111', '0303030303030', '2022-10-19 23:29:17', '2022-10-19 23:29:17'),
	(14, 'Nha cung cap 1', 'nhacungcap3@gmail.com', 'Da Nang', '011111111111', '0303030303030', '2022-10-19 23:29:20', '2022-10-19 23:29:20'),
	(21, 'Nha cung cap 1', 'nhac3ung3a37@gmail.com', 'Da Nang', '011111111111', '0303030303030', '2022-10-19 23:29:44', '2022-10-19 23:29:44'),
	(22, 'Nha cung cap 1', 'nhac3u3ng3a37@gmail.com', 'Da Nang', '011111111111', '0303030303030', '2022-10-19 23:29:46', '2022-10-19 23:29:46'),
	(23, 'Nha cung cap 1', 'nha3c3u3ng3a37@gmail.com', 'Da Nang', '011111111111', '0303030303030', '2022-10-19 23:29:48', '2022-10-19 23:29:48'),
	(24, 'Nha cung cap 1', 'nha33c3u3ng3a37@gmail.com', 'Da Nang', '011111111111', '0303030303030', '2022-10-19 23:29:50', '2022-10-19 23:29:50'),
	(25, 'Nha cung cap 1', 'nha333c3u3ng3a37@gmail.com', 'Da Nang', '011111111111', '0303030303030', '2022-10-19 23:29:52', '2022-10-19 23:29:52'),
	(26, 'Nha cung cap 1', 'nha3333c3u3ng3a37@gmail.com', 'Da Nang', '011111111111', '0303030303030', '2022-10-19 23:29:54', '2022-10-19 23:29:54'),
	(27, 'Nha cung cap 1', 'nha33333c3u3ng3a37@gmail.com', 'Da Nang', '011111111111', '0303030303030', '2022-10-19 23:29:57', '2022-10-19 23:29:57'),
	(28, 'Nha cung cap 1', 'nh3a33333c3u3ng3a37@gmail.com', 'Da Nang', '011111111111', '0303030303030', '2022-10-19 23:30:01', '2022-10-19 23:30:01'),
	(29, 'Nha cung cap 1', 'nh3a33333c33u3ng3a37@gmail.com', 'Da Nang', '011111111111', '0303030303030', '2022-10-19 23:30:03', '2022-10-19 23:30:03'),
	(30, 'Nha cung cap 1', 'nh33a33333c33u3ng3a37@gmail.com', 'Da Nang', '011111111111', '0303030303030', '2022-10-19 23:30:05', '2022-10-19 23:30:05'),
	(31, 'Nha cung cap 1', 'nh33a333333c33u3ng3a37@gmail.com', 'Da Nang', '011111111111', '0303030303030', '2022-10-19 23:30:07', '2022-10-19 23:30:07'),
	(34, 'Nha cung cap 1', 'nh333a33333333c33u3ng3a37@gmail.com', 'Da Nang', '011111111111', '0303030303030', '2022-10-19 23:30:12', '2022-10-19 23:30:12'),
	(35, 'NextTech', 'nexttech@gmail.com', 'Sài Gòn - Việt Nam', '01236432322', '0223203320022', '2022-10-20 01:12:05', '2022-10-20 01:12:05');

-- Dumping structure for table pbl4.shipping_addresses
CREATE TABLE IF NOT EXISTS `shipping_addresses` (
  `id` bigint unsigned NOT NULL AUTO_INCREMENT,
  `customer_id` bigint unsigned NOT NULL,
  `recipient_name` varchar(255) CHARACTER SET utf8mb4 COLLATE utf8mb4_unicode_ci NOT NULL,
  `phone_number` varchar(255) CHARACTER SET utf8mb4 COLLATE utf8mb4_unicode_ci NOT NULL,
  `address` varchar(255) CHARACTER SET utf8mb4 COLLATE utf8mb4_unicode_ci NOT NULL,
  `created_at` timestamp NULL DEFAULT NULL,
  `updated_at` timestamp NULL DEFAULT NULL,
  PRIMARY KEY (`id`)
) ENGINE=InnoDB AUTO_INCREMENT=8 DEFAULT CHARSET=utf8mb4 COLLATE=utf8mb4_unicode_ci;

-- Dumping data for table pbl4.shipping_addresses: ~6 rows (approximately)
INSERT INTO `shipping_addresses` (`id`, `customer_id`, `recipient_name`, `phone_number`, `address`, `created_at`, `updated_at`) VALUES
	(1, 22, 'Mai Thị Kim Khánh Dethuong', '01284727379', 'TP Hồ Chí Minh - Việt Nam', '2022-11-05 08:09:40', '2022-11-05 08:09:40'),
	(2, 9, 'Nguyen Van Manh Pro', '0971404372', 'Hue City Viet Nam', '2022-11-06 01:09:56', '2022-11-06 01:09:56'),
	(3, 21, 'Nguyen Van Manh', '0971404372', 'Hue Viet Nam', '2022-11-06 04:15:54', '2022-11-06 04:15:54'),
	(4, 25, 'Nguyễn Văn Mạnh', '0702518919', 'Thừa Thiên Huế - Việt Nam', '2022-11-06 07:07:38', '2022-12-20 07:32:28'),
	(6, 26, 'Mạnh Pro VIP', '09059992999', 'New Your - USA', '2022-11-06 11:53:02', '2022-11-06 11:53:46'),
	(7, 31, 'Văn Mạnh', '01236000333', 'Thành phố Huế - Việt Nam', '2022-12-14 12:30:08', '2022-12-14 12:30:08');

-- Dumping structure for table pbl4.users
CREATE TABLE IF NOT EXISTS `users` (
  `id` bigint unsigned NOT NULL AUTO_INCREMENT,
  `fullname` varchar(255) CHARACTER SET utf8mb4 COLLATE utf8mb4_unicode_ci NOT NULL,
  `email` varchar(255) CHARACTER SET utf8mb4 COLLATE utf8mb4_unicode_ci NOT NULL,
  `username` varchar(255) CHARACTER SET utf8mb4 COLLATE utf8mb4_unicode_ci DEFAULT NULL,
  `email_verified_at` timestamp NULL DEFAULT NULL,
  `password` varchar(255) CHARACTER SET utf8mb4 COLLATE utf8mb4_unicode_ci NOT NULL,
  `address` varchar(255) CHARACTER SET utf8mb4 COLLATE utf8mb4_unicode_ci DEFAULT NULL,
  `date_of_birth` date DEFAULT NULL,
  `gender` tinyint(1) DEFAULT NULL,
  `phone` varchar(255) CHARACTER SET utf8mb4 COLLATE utf8mb4_unicode_ci DEFAULT NULL,
  `url_img` varchar(255) CHARACTER SET utf8mb4 COLLATE utf8mb4_unicode_ci DEFAULT NULL,
  `role` varchar(255) CHARACTER SET utf8mb4 COLLATE utf8mb4_unicode_ci NOT NULL,
  `remember_token` varchar(100) CHARACTER SET utf8mb4 COLLATE utf8mb4_unicode_ci DEFAULT NULL,
  `created_at` timestamp NULL DEFAULT NULL,
  `updated_at` timestamp NULL DEFAULT NULL,
  PRIMARY KEY (`id`),
  UNIQUE KEY `users_email_unique` (`email`),
  UNIQUE KEY `users_username_unique` (`username`)
) ENGINE=InnoDB AUTO_INCREMENT=38 DEFAULT CHARSET=utf8mb4 COLLATE=utf8mb4_unicode_ci;

-- Dumping data for table pbl4.users: ~17 rows (approximately)
INSERT INTO `users` (`id`, `fullname`, `email`, `username`, `email_verified_at`, `password`, `address`, `date_of_birth`, `gender`, `phone`, `url_img`, `role`, `remember_token`, `created_at`, `updated_at`) VALUES
	(2, 'Nguyễn Công Cường', 'congcuong222@gmail.com', 'congcuong222', NULL, '$2y$10$AoJH9QoeH4XRSIFt5QXgUehVxAcCJ5xhovx8QlwICkdYQ7sxUIg9K', 'Tam Ky - Quang Nam - Viet Nam', '2022-09-06', 1, '0123456789', 'storage/images/T2fPnOwVPWVyWmPuQ8X2OuYoKEN47nq0gHnXo5yH.jpg', 'super admin', NULL, '2022-09-27 22:28:01', '2022-09-30 11:00:26'),
	(6, 'Nguyễn Thị Mỹ An', 'myandethuong@gmail.com', NULL, NULL, '$2y$10$TmMqGXAydua9nxGM84IW/u3Vsx4JtHiifOQF.uTV3hnT8u2uA6v02', NULL, NULL, NULL, NULL, NULL, 'super admin', NULL, '2022-09-30 12:01:15', '2022-09-30 12:09:19'),
	(7, 'Trần Thị Thùy Dương', 'thuyduongcute@gmail.com', 'hithuyduong', NULL, '$2y$10$RJC.p3ZIpNJfTtGtpyfa8uNk4.NR5BoFC.57or6cvWWCvrvGSEIia', 'Hue City - Viet Nam', '2022-10-19', 0, '0123544212', 'storage/images/50dj0eXQFbU2Havc4KPkF4S2W0lk8o68hNvD74XG.jpg', 'super admin', NULL, '2022-09-30 12:08:57', '2022-10-01 04:24:23'),
	(8, 'ascasacas', 'vanmanascsacasch111@gmail.com', NULL, NULL, '$2y$10$pY6FFhgAzduaIjqaHWK1YuE.ipNQNs.EZLfz6pgt6ybWh.uupS09e', NULL, NULL, NULL, NULL, NULL, 'admin', NULL, '2022-09-30 23:04:10', '2022-10-01 02:01:25'),
	(11, 'ascsacascasc', 'vanmsacsacascanh111@gmail.com', NULL, NULL, '$2y$10$mDGrrF0vbSfOXR3leC6fLuh1TgQ5Sf78Fjnx22/uG5RRKJzJSt1nm', NULL, NULL, NULL, NULL, NULL, 'admin', NULL, '2022-09-30 23:04:52', '2022-09-30 23:04:52'),
	(12, 'acsacasc', 'vanascsacmanh111@gmail.com', NULL, NULL, '$2y$10$W40Rt5Y22NCyTLw3RlPLeePNKjoJ/S0/VOF9Kn8EZhUBsMSE1OWpi', NULL, NULL, NULL, NULL, NULL, 'admin', NULL, '2022-09-30 23:44:39', '2022-10-02 22:51:06'),
	(19, 'Nguyễn Văn Hoàng Phúc', 'hoangphuc@gmail.com', NULL, NULL, '$2y$10$KJG5cltAQuoDWgRUu/q3b.oKZvPEqwWhKFYOTmsWDdN5pb9pPzvhK', NULL, NULL, NULL, NULL, NULL, 'admin', NULL, '2022-10-01 05:34:27', '2022-10-01 05:34:27'),
	(20, 'Hương Giang', 'huonggiang@gmail.com', NULL, NULL, '$2y$10$8MbbGu7wu205CUexQiwFsOoTcW23QPaXa7.0OhEaJWYWOzmTexb2a', NULL, NULL, NULL, NULL, NULL, 'admin', NULL, '2022-10-01 05:36:56', '2022-10-01 05:36:56'),
	(21, 'Trần Thanh Nguyên', 'thanhnguyen@gmail.com', NULL, NULL, '$2y$10$PF3GH9m/vAULyvAAVok5FuarT6FL.bGUmLTuVXwImk5wmfQCdJ1FW', NULL, NULL, NULL, NULL, NULL, 'admin', NULL, '2022-10-01 05:40:11', '2022-10-01 05:40:11'),
	(30, 'FULLSTACK 55', 'khoahocfullstack5@gmail.com', NULL, NULL, '$2y$10$UrAxDjvqu5y0.a4kXvhZpuPmoqQ2Sc.vi5YYgBjKeb3ItSQxgUneO', NULL, NULL, NULL, NULL, NULL, 'admin', NULL, '2022-10-01 06:49:48', '2022-10-02 22:51:09'),
	(31, 'FULLSTACK 55', 'khoahocfullstack5555@gmail.com', NULL, NULL, '$2y$10$CHnYTqzxAf5z8qiecU2.uuk7zBCYgRxt0CdAp4HceXvHmVMCMZwu2', NULL, NULL, NULL, NULL, NULL, 'admin', NULL, '2022-10-01 06:50:00', '2022-10-02 22:51:34'),
	(32, 'FULLSTACK 55', 'khoahocfullstack55556666@gmail.com', NULL, NULL, '$2y$10$9QJsymUwvUBQu1/98QkbOetTBX75U2LOubuKl114R4FNOnth5sQbC', NULL, NULL, NULL, NULL, NULL, 'admin', NULL, '2022-10-01 06:50:18', '2022-10-02 22:51:37'),
	(33, 'Nguyễn Văn Mạnh', 'nguyenvanmanh2001it1@gmail.com', 'nguyenvanmanh2001it1', NULL, '$2y$10$Fzsl6sVFq.NcJrQRsXztWOCFZEGnMp4AcpQeK0EejoYzY1D6OVhtO', 'Hue Viet Nam', '2001-08-29', 1, '0971404372', 'storage/images/cBk8M2DkXmcpTyA8cAJWr8zllt0VaCnXM5PbOlWA.jpg', 'super admin', NULL, '2022-10-01 06:51:37', '2022-12-02 18:42:13'),
	(34, 'JOMA Tech', 'itmaster2908@gmail.com', 'jomatech99', NULL, '$2y$10$K2mH1tHzSONAaAXlfBWjku/3e78Cn9zyNYHt8rY.0ZGiPMFj50riq', 'USA', '2022-10-12', 1, '0928472632', 'storage/images/88ba41zgejIkVtF0uytAMdRPBpns8R40o4aYw9OC.jpg', 'super admin', NULL, '2022-10-01 07:04:29', '2022-10-02 22:51:46'),
	(35, 'sdvsdbdfbdfbdfb', 'dfbfdbfdbfdb@gmail.com', NULL, NULL, '$2y$10$9qpYKaO8/r4TZnXn9UwSG.ZC61l9mcpxKk6/BWaJqUytcSBbzkCfG', NULL, NULL, NULL, NULL, NULL, 'admin', NULL, '2022-10-01 07:04:54', '2022-10-02 22:51:20'),
	(36, 'Nguyễn Văn Mạnh', 'nguyevanmanhiotit1@gmail.com', NULL, NULL, '$2y$10$eU4KwTHRjuyqnNr0LbMdzun63RfrN7EEtXVv8Dkxyzi69zPSk/eqy', NULL, NULL, NULL, NULL, NULL, 'super admin', NULL, '2022-10-28 06:12:30', '2022-10-28 06:12:30'),
	(37, 'Nguyễn Văn Mạnh', 'nguyenvanmanhiotit1@gmail.com', 'nguyevanmanhiotit1', NULL, '$2y$10$LKlZn48ds0cEKIuudBldYeBD1QaW.6sswHWPzB3o79TV9wKDf6eGW', 'Phú Vang - Thừa Thiên Huế - Việt Nam', '2001-08-29', 1, '0971404372', 'storage/images/Ju0rnVVaJK8bjORho2S3WjImCqHw3EUONuhC7mUp.jpg', 'super admin', NULL, '2022-10-28 06:13:05', '2022-12-29 00:12:16');

-- Dumping structure for table pbl4.user_datas
CREATE TABLE IF NOT EXISTS `user_datas` (
  `id` bigint unsigned NOT NULL AUTO_INCREMENT,
  `id_user` int NOT NULL,
  `recent_care` json NOT NULL,
  `recent_add` json NOT NULL,
  `recent_buy` json NOT NULL,
  `created_at` timestamp NULL DEFAULT NULL,
  `updated_at` timestamp NULL DEFAULT NULL,
  PRIMARY KEY (`id`)
) ENGINE=InnoDB AUTO_INCREMENT=1200 DEFAULT CHARSET=utf8mb4 COLLATE=utf8mb4_unicode_ci;

-- Dumping data for table pbl4.user_datas: ~20 rows (approximately)
INSERT INTO `user_datas` (`id`, `id_user`, `recent_care`, `recent_add`, `recent_buy`, `created_at`, `updated_at`) VALUES
	(1180, 2, '[56, 62, 63, 66, 71]', '[14, 55, 61, 67, 69]', '[1, 2]', '2024-04-22 09:25:43', '2024-04-22 09:25:43'),
	(1181, 3, '[2, 14, 55, 65, 72]', '[1, 60, 61, 63, 70]', '[13, 54]', '2024-04-22 09:25:43', '2024-04-22 09:25:43'),
	(1182, 4, '[54, 56, 59, 60, 69]', '[61, 65, 66, 67, 68]', '[14]', '2024-04-22 09:25:43', '2024-04-22 09:25:43'),
	(1183, 5, '[54, 55, 57, 58, 67]', '[13, 61, 62, 64, 69]', '[71]', '2024-04-22 09:25:43', '2024-04-22 09:25:43'),
	(1184, 6, '[1, 13, 60, 69, 70]', '[2, 59, 62, 66, 68]', '[57]', '2024-04-22 09:25:43', '2024-04-22 09:25:43'),
	(1185, 7, '[13, 58, 62, 70, 72]', '[1, 14, 54, 55, 60]', '[57, 59, 61, 71]', '2024-04-22 09:25:43', '2024-04-22 09:25:43'),
	(1186, 8, '[59, 64, 65, 66, 69]', '[54, 56, 57, 58, 62]', '[60, 61, 63, 71, 72]', '2024-04-22 09:25:43', '2024-04-22 09:25:43'),
	(1187, 9, '[2, 54, 57, 59, 60]', '[61, 62, 67, 69, 71]', '[63, 72]', '2024-04-22 09:25:43', '2024-04-22 09:25:43'),
	(1188, 10, '[14, 55, 58]', '[1, 62, 68, 69, 70]', '[57, 60, 61, 71]', '2024-04-22 09:25:43', '2024-04-22 09:25:43'),
	(1189, 11, '[2, 56, 60, 69, 71]', '[14, 61, 64, 65, 66]', '[63, 72]', '2024-04-22 09:25:43', '2024-04-22 09:25:43'),
	(1190, 12, '[1, 2, 13, 65, 67]', '[14, 54, 57, 70, 72]', '[71]', '2024-04-22 09:25:43', '2024-04-22 09:25:43'),
	(1191, 13, '[13, 14, 57, 62, 63]', '[69, 71]', '[1, 2]', '2024-04-22 09:25:43', '2024-04-22 09:25:43'),
	(1192, 14, '[55, 58, 59, 65, 72]', '[67, 68, 69]', '[1, 2]', '2024-04-22 09:25:43', '2024-04-22 09:25:43'),
	(1193, 15, '[55, 60, 70, 71, 72]', '[14, 59, 65, 68, 69]', '[1, 2]', '2024-04-22 09:25:43', '2024-04-22 09:25:43'),
	(1194, 16, '[56, 58, 59, 62, 66]', '[14, 54, 60, 63, 69]', '[71, 72]', '2024-04-22 09:25:43', '2024-04-22 09:25:43'),
	(1195, 17, '[54, 56, 58, 62, 67]', '[1, 13, 59, 65]', '[60, 61, 63, 64, 71, 72]', '2024-04-22 09:25:43', '2024-04-22 09:25:43'),
	(1196, 18, '[59, 61, 63, 66, 67]', '[62, 68, 69, 70, 72]', '[1, 2, 13, 14, 54, 55, 56, 58, 71]', '2024-04-22 09:25:43', '2024-04-22 09:25:43'),
	(1197, 19, '[54, 55, 63, 69, 70]', '[1, 59, 60, 66, 67]', '[64, 71]', '2024-04-22 09:25:43', '2024-04-22 09:25:43'),
	(1198, 20, '[56, 58]', '[14, 60, 62, 67, 69]', '[63, 72]', '2024-04-22 09:25:43', '2024-04-22 09:25:43'),
	(1199, 21, '[13, 54, 57, 59, 64]', '[2, 14, 55, 60, 71]', '[63, 72]', '2024-04-22 09:25:43', '2024-04-22 09:25:43');

/*!40103 SET TIME_ZONE=IFNULL(@OLD_TIME_ZONE, 'system') */;
/*!40101 SET SQL_MODE=IFNULL(@OLD_SQL_MODE, '') */;
/*!40014 SET FOREIGN_KEY_CHECKS=IFNULL(@OLD_FOREIGN_KEY_CHECKS, 1) */;
/*!40101 SET CHARACTER_SET_CLIENT=@OLD_CHARACTER_SET_CLIENT */;
/*!40111 SET SQL_NOTES=IFNULL(@OLD_SQL_NOTES, 1) */;
